<?xml version="1.0" encoding="UTF-8"?>
<project-private xmlns="http://www.netbeans.org/ns/project-private/1">
    <editor-bookmarks xmlns="http://www.netbeans.org/ns/editor-bookmarks/2" lastBookmarkId="0"/>
    <open-files xmlns="http://www.netbeans.org/ns/projectui-open-files/2">
        <group>
            <file>file:/C:/Users/Rogue%20Scarlet/Documents/NetBeansProjects/Packet%20Sniffer/src/packet/sniffer/PacketSniffer.java</file>
            <file>file:/C:/Users/Rogue%20Scarlet/Documents/NetBeansProjects/Packet%20Sniffer/src/packet/sniffer/MainwindowController.java</file>
            <file>file:/C:/Users/Rogue%20Scarlet/Documents/NetBeansProjects/Packet%20Sniffer/src/packet/sniffer/Main_Controller.java</file>
        </group>
    </open-files>
</project-private>
